customer_name,total_orders,total_revenue
Johns and Sons,1988,"178,763.42149,486.2781,412.1056,717.5317,028.19103,279.79173,478.65161,544.06124,593.0442,239.66183,363.60153,011.39141,796.75103,874.10383,996.7657,227.99150,313.19249,099.4499,064.31169,629.55222,700.23143,322.47173,258.94182,852.21156,177.7789,830.34241,782.39211,872.69177,993.8832,695.3786,077.8372,885.55100,469.75176,114.73118,027.3772,385.5381,262.34228,961.30148,243.0536,747.24105,686.13104,743.2272,314.7331,966.82165,631.75123,751.91119,156.18162,123.7499,114.91171,884.0087,404.0044,232.8464,192.86156,453.01187,874.45107,271.9436,785.2880,719.44159,057.92172,397.66116,548.17138,764.60148,405.47194,326.70197,471.1096,669.9282,525.61106,115.8583,340.04130,242.4171,119.23144,237.38230,765.62152,442.32117,288.2953,801.73112,909.40126,346.4496,613.06151,012.12122,468.3350,646.66167,615.14184,431.4840,544.43178,189.5736,276.11149,938.3643,243.45173,456.40114,232.6852,388.85161,773.31108,968.6781,482.6976,943.74130,251.55126,021.1069,565.4781,458.94100,978.49140,635.94131,402.37139,200.8169,871.92124,234.9153,485.00310,539.0038,750.5356,705.66128,221.1389,376.8437,892.5898,521.8769,750.5729,443.7179,288.0375,483.4548,890.1457,347.4872,749.0757,276.2653,957.4284,035.8268,288.6847,516.5455,790.7174,103.82176,190.16212,521.2619,930.0442,475.6078,629.1962,011.8646,857.77173,944.47159,216.4758,921.3197,291.62146,076.81118,061.0587,205.01178,763.42149,486.2781,412.1056,717.5317,028.19103,279.79173,478.65161,544.06124,593.0442,239.66183,363.60153,011.39141,796.75103,874.10383,996.7657,227.99150,313.19249,099.4499,064.31169,629.55222,700.23143,322.47173,258.94182,852.21156,177.7789,830.34241,782.39211,872.69177,993.8832,695.3786,077.8372,885.55100,469.75176,114.73118,027.3772,385.5381,262.34228,961.30148,243.0536,747.24105,686.13104,743.2272,314.7331,966.82165,631.75123,751.91119,156.18162,123.7499,114.91171,884.0087,404.0044,232.8464,192.86156,453.01187,874.45107,271.9436,785.2880,719.44159,057.92172,397.66116,548.17138,764.60148,405.47194,326.70197,471.1096,669.9282,525.61106,115.8583,340.04130,242.4171,119.23144,237.38230,765.62152,442.32117,288.2953,801.73112,909.40126,346.4496,613.06151,012.12122,468.3350,646.66167,615.14184,431.4840,544.43178,189.5736,276.11149,938.3643,243.45173,456.40114,232.6852,388.85161,773.31108,968.6781,482.6976,943.74130,251.55126,021.1069,565.4781,458.94100,978.49140,635.94131,402.37139,200.8169,871.92124,234.9153,485.00310,539.0038,750.5356,705.66128,221.1389,376.8437,892.5898,521.8769,750.5729,443.7179,288.0375,483.4548,890.1457,347.4872,749.0757,276.2653,957.4284,035.8268,288.6847,516.5455,790.7174,103.82176,190.16212,521.2619,930.0442,475.6078,629.1962,011.8646,857.77173,944.47159,216.4758,921.3197,291.62146,076.81118,061.0587,205.01178,763.42149,486.2781,412.1056,717.5317,028.19103,279.79173,478.65161,544.06124,593.0442,239.66183,363.60153,011.39141,796.75103,874.10383,996.7657,227.99150,313.19249,099.4499,064.31169,629.55222,700.23143,322.47173,258.94182,852.21156,177.7789,830.34241,782.39211,872.69177,993.8832,695.3786,077.8372,885.55100,469.75176,114.73118,027.3772,385.5381,262.34228,961.30148,243.0536,747.24105,686.13104,743.2272,314.7331,966.82165,631.75123,751.91119,156.18162,123.7499,114.91171,884.0087,404.0044,232.8464,192.86156,453.01187,874.45107,271.9436,785.2880,719.44159,057.92172,397.66116,548.17138,764.60148,405.47194,326.70197,471.1096,669.9282,525.61106,115.8583,340.04130,242.4171,119.23144,237.38230,765.62152,442.32117,288.2953,801.73112,909.40126,346.4496,613.06151,012.12122,468.3350,646.66167,615.14184,431.4840,544.43178,189.5736,276.11149,938.3643,243.45173,456.40114,232.6852,388.85161,773.31108,968.6781,482.6976,943.74130,251.55126,021.1069,565.4781,458.94100,978.49140,635.94131,402.37139,200.8169,871.92124,234.9153,485.00310,539.0038,750.5356,705.66128,221.1389,376.8437,892.5898,521.8769,750.5729,443.7179,288.0375,483.4548,890.1457,347.4872,749.0757,276.2653,957.4284,035.8268,288.6847,516.5455,790.7174,103.82176,190.16212,521.2619,930.0442,475.6078,629.1962,011.8646,857.77173,944.47159,216.4758,921.3197,291.62146,076.81118,061.0587,205.01178,763.42149,486.2781,412.1056,717.5317,028.19103,279.79173,478.65161,544.06124,593.0442,239.66183,363.60153,011.39141,796.75103,874.10383,996.7657,227.99150,313.19249,099.4499,064.31169,629.55222,700.23143,322.47173,258.94182,852.21156,177.7789,830.34241,782.39211,872.69177,993.8832,695.3786,077.8372,885.55100,469.75176,114.73118,027.3772,385.5381,262.34228,961.30148,243.0536,747.24105,686.13104,743.2272,314.7331,966.82165,631.75123,751.91119,156.18162,123.7499,114.91171,884.0087,404.0044,232.8464,192.86156,453.01187,874.45107,271.9436,785.2880,719.44159,057.92172,397.66116,548.17138,764.60148,405.47194,326.70197,471.1096,669.9282,525.61106,115.8583,340.04130,242.4171,119.23144,237.38230,765.62152,442.32117,288.2953,801.73112,909.40126,346.4496,613.06151,012.12122,468.3350,646.66167,615.14184,431.4840,544.43178,189.5736,276.11149,938.3643,243.45173,456.40114,232.6852,388.85161,773.31108,968.6781,482.6976,943.74130,251.55126,021.1069,565.4781,458.94100,978.49140,635.94131,402.37139,200.8169,871.92124,234.9153,485.00310,539.0038,750.5356,705.66128,221.1389,376.8437,892.5898,521.8769,750.5729,443.7179,288.0375,483.4548,890.1457,347.4872,749.0757,276.2653,957.4284,035.8268,288.6847,516.5455,790.7174,103.82176,190.16212,521.2619,930.0442,475.6078,629.1962,011.8646,857.77173,944.47159,216.4758,921.3197,291.62146,076.81118,061.0587,205.01178,763.42149,486.2781,412.1056,717.5317,028.19103,279.79173,478.65161,544.06124,593.0442,239.66183,363.60153,011.39141,796.75103,874.10383,996.7657,227.99150,313.19249,099.4499,064.31169,629.55222,700.23143,322.47173,258.94182,852.21156,177.7789,830.34241,782.39211,872.69177,993.8832,695.3786,077.8372,885.55100,469.75176,114.73118,027.3772,385.5381,262.34228,961.30148,243.0536,747.24105,686.13104,743.2272,314.7331,966.82165,631.75123,751.91119,156.18162,123.7499,114.91171,884.0087,404.0044,232.8464,192.86156,453.01187,874.45107,271.9436,785.2880,719.44159,057.92172,397.66116,548.17138,764.60148,405.47194,326.70197,471.1096,669.9282,525.61106,115.8583,340.04130,242.4171,119.23144,237.38230,765.62152,442.32117,288.2953,801.73112,909.40126,346.4496,613.06151,012.12122,468.3350,646.66167,615.14184,431.4840,544.43178,189.5736,276.11149,938.3643,243.45173,456.40114,232.6852,388.85161,773.31108,968.6781,482.6976,943.74130,251.55126,021.1069,565.4781,458.94100,978.49140,635.94131,402.37139,200.8169,871.92124,234.9153,485.00310,539.0038,750.5356,705.66128,221.1389,376.8437,892.5898,521.8769,750.5729,443.7179,288.0375,483.4548,890.1457,347.4872,749.0757,276.2653,957.4284,035.8268,288.6847,516.5455,790.7174,103.82176,190.16212,521.2619,930.0442,475.6078,629.1962,011.8646,857.77173,944.47159,216.4758,921.3197,291.62146,076.81118,061.0587,205.01178,763.42149,486.2781,412.1056,717.5317,028.19103,279.79173,478.65161,544.06124,593.0442,239.66183,363.60153,011.39141,796.75103,874.10383,996.7657,227.99150,313.19249,099.4499,064.31169,629.55222,700.23143,322.47173,258.94182,852.21156,177.7789,830.34241,782.39211,872.69177,993.8832,695.3786,077.8372,885.55100,469.75176,114.73118,027.3772,385.5381,262.34228,961.30148,243.0536,747.24105,686.13104,743.2272,314.7331,966.82165,631.75123,751.91119,156.18162,123.7499,114.91171,884.0087,404.0044,232.8464,192.86156,453.01187,874.45107,271.9436,785.2880,719.44159,057.92172,397.66116,548.17138,764.60148,405.47194,326.70197,471.1096,669.9282,525.61106,115.8583,340.04130,242.4171,119.23144,237.38230,765.62152,442.32117,288.2953,801.73112,909.40126,346.4496,613.06151,012.12122,468.3350,646.66167,615.14184,431.4840,544.43178,189.5736,276.11149,938.3643,243.45173,456.40114,232.6852,388.85161,773.31108,968.6781,482.6976,943.74130,251.55126,021.1069,565.4781,458.94100,978.49140,635.94131,402.37139,200.8169,871.92124,234.9153,485.00310,539.0038,750.5356,705.66128,221.1389,376.8437,892.5898,521.8769,750.5729,443.7179,288.0375,483.4548,890.1457,347.4872,749.0757,276.2653,957.4284,035.8268,288.6847,516.5455,790.7174,103.82176,190.16212,521.2619,930.0442,475.6078,629.1962,011.8646,857.77173,944.47159,216.4758,921.3197,291.62146,076.81118,061.0587,205.01178,763.42149,486.2781,412.1056,717.5317,028.19103,279.79173,478.65161,544.06124,593.0442,239.66183,363.60153,011.39141,796.75103,874.10383,996.7657,227.99150,313.19249,099.4499,064.31169,629.55222,700.23143,322.47173,258.94182,852.21156,177.7789,830.34241,782.39211,872.69177,993.8832,695.3786,077.8372,885.55100,469.75176,114.73118,027.3772,385.5381,262.34228,961.30148,243.0536,747.24105,686.13104,743.2272,314.7331,966.82165,631.75123,751.91119,156.18162,123.7499,114.91171,884.0087,404.0044,232.8464,192.86156,453.01187,874.45107,271.9436,785.2880,719.44159,057.92172,397.66116,548.17138,764.60148,405.47194,326.70197,471.1096,669.9282,525.61106,115.8583,340.04130,242.4171,119.23144,237.38230,765.62152,442.32117,288.2953,801.73112,909.40126,346.4496,613.06151,012.12122,468.3350,646.66167,615.14184,431.4840,544.43178,189.5736,276.11149,938.3643,243.45173,456.40114,232.6852,388.85161,773.31108,968.6781,482.6976,943.74130,251.55126,021.1069,565.4781,458.94100,978.49140,635.94131,402.37139,200.8169,871.92124,234.9153,485.00310,539.0038,750.5356,705.66128,221.1389,376.8437,892.5898,521.8769,750.5729,443.7179,288.0375,483.4548,890.1457,347.4872,749.0757,276.2653,957.4284,035.8268,288.6847,516.5455,790.7174,103.82176,190.16212,521.2619,930.0442,475.6078,629.1962,011.8646,857.77173,944.47159,216.4758,921.3197,291.62146,076.81118,061.0587,205.01178,763.42149,486.2781,412.1056,717.5317,028.19103,279.79173,478.65161,544.06124,593.0442,239.66183,363.60153,011.39141,796.75103,874.10383,996.7657,227.99150,313.19249,099.4499,064.31169,629.55222,700.23143,322.47173,258.94182,852.21156,177.7789,830.34241,782.39211,872.69177,993.8832,695.3786,077.8372,885.55100,469.75176,114.73118,027.3772,385.5381,262.34228,961.30148,243.0536,747.24105,686.13104,743.2272,314.7331,966.82165,631.75123,751.91119,156.18162,123.7499,114.91171,884.0087,404.0044,232.8464,192.86156,453.01187,874.45107,271.9436,785.2880,719.44159,057.92172,397.66116,548.17138,764.60148,405.47194,326.70197,471.1096,669.9282,525.61106,115.8583,340.04130,242.4171,119.23144,237.38230,765.62152,442.32117,288.2953,801.73112,909.40126,346.4496,613.06151,012.12122,468.3350,646.66167,615.14184,431.4840,544.43178,189.5736,276.11149,938.3643,243.45173,456.40114,232.6852,388.85161,773.31108,968.6781,482.6976,943.74130,251.55126,021.1069,565.4781,458.94100,978.49140,635.94131,402.37139,200.8169,871.92124,234.9153,485.00310,539.0038,750.5356,705.66128,221.1389,376.8437,892.5898,521.8769,750.5729,443.7179,288.0375,483.4548,890.1457,347.4872,749.0757,276.2653,957.4284,035.8268,288.6847,516.5455,790.7174,103.82176,190.16212,521.2619,930.0442,475.6078,629.1962,011.8646,857.77173,944.47159,216.4758,921.3197,291.62146,076.81118,061.0587,205.01178,763.42149,486.2781,412.1056,717.5317,028.19103,279.79173,478.65161,544.06124,593.0442,239.66183,363.60153,011.39141,796.75103,874.10383,996.7657,227.99150,313.19249,099.4499,064.31169,629.55222,700.23143,322.47173,258.94182,852.21156,177.7789,830.34241,782.39211,872.69177,993.8832,695.3786,077.8372,885.55100,469.75176,114.73118,027.3772,385.5381,262.34228,961.30148,243.0536,747.24105,686.13104,743.2272,314.7331,966.82165,631.75123,751.91119,156.18162,123.7499,114.91171,884.0087,404.0044,232.8464,192.86156,453.01187,874.45107,271.9436,785.2880,719.44159,057.92172,397.66116,548.17138,764.60148,405.47194,326.70197,471.1096,669.9282,525.61106,115.8583,340.04130,242.4171,119.23144,237.38230,765.62152,442.32117,288.2953,801.73112,909.40126,346.4496,613.06151,012.12122,468.3350,646.66167,615.14184,431.4840,544.43178,189.5736,276.11149,938.3643,243.45173,456.40114,232.6852,388.85161,773.31108,968.6781,482.6976,943.74130,251.55126,021.1069,565.4781,458.94100,978.49140,635.94131,402.37139,200.8169,871.92124,234.9153,485.00310,539.0038,750.5356,705.66128,221.1389,376.8437,892.5898,521.8769,750.5729,443.7179,288.0375,483.4548,890.1457,347.4872,749.0757,276.2653,957.4284,035.8268,288.6847,516.5455,790.7174,103.82176,190.16212,521.2619,930.0442,475.6078,629.1962,011.8646,857.77173,944.47159,216.4758,921.3197,291.62146,076.81118,061.0587,205.01178,763.42149,486.2781,412.1056,717.5317,028.19103,279.79173,478.65161,544.06124,593.0442,239.66183,363.60153,011.39141,796.75103,874.10383,996.7657,227.99150,313.19249,099.4499,064.31169,629.55222,700.23143,322.47173,258.94182,852.21156,177.7789,830.34241,782.39211,872.69177,993.8832,695.3786,077.8372,885.55100,469.75176,114.73118,027.3772,385.5381,262.34228,961.30148,243.0536,747.24105,686.13104,743.2272,314.7331,966.82165,631.75123,751.91119,156.18162,123.7499,114.91171,884.0087,404.0044,232.8464,192.86156,453.01187,874.45107,271.9436,785.2880,719.44159,057.92172,397.66116,548.17138,764.60148,405.47194,326.70197,471.1096,669.9282,525.61106,115.8583,340.04130,242.4171,119.23144,237.38230,765.62152,442.32117,288.2953,801.73112,909.40126,346.4496,613.06151,012.12122,468.3350,646.66167,615.14184,431.4840,544.43178,189.5736,276.11149,938.3643,243.45173,456.40114,232.6852,388.85161,773.31108,968.6781,482.6976,943.74130,251.55126,021.1069,565.4781,458.94100,978.49140,635.94131,402.37139,200.8169,871.92124,234.9153,485.00310,539.0038,750.5356,705.66128,221.1389,376.8437,892.5898,521.8769,750.5729,443.7179,288.0375,483.4548,890.1457,347.4872,749.0757,276.2653,957.4284,035.8268,288.6847,516.5455,790.7174,103.82176,190.16212,521.2619,930.0442,475.6078,629.1962,011.8646,857.77173,944.47159,216.4758,921.3197,291.62146,076.81118,061.0587,205.01178,763.42149,486.2781,412.1056,717.5317,028.19103,279.79173,478.65161,544.06124,593.0442,239.66183,363.60153,011.39141,796.75103,874.10383,996.7657,227.99150,313.19249,099.4499,064.31169,629.55222,700.23143,322.47173,258.94182,852.21156,177.7789,830.34241,782.39211,872.69177,993.8832,695.3786,077.8372,885.55100,469.75176,114.73118,027.3772,385.5381,262.34228,961.30148,243.0536,747.24105,686.13104,743.2272,314.7331,966.82165,631.75123,751.91119,156.18162,123.7499,114.91171,884.0087,404.0044,232.8464,192.86156,453.01187,874.45107,271.9436,785.2880,719.44159,057.92172,397.66116,548.17138,764.60148,405.47194,326.70197,471.1096,669.9282,525.61106,115.8583,340.04130,242.4171,119.23144,237.38230,765.62152,442.32117,288.2953,801.73112,909.40126,346.4496,613.06151,012.12122,468.3350,646.66167,615.14184,431.4840,544.43178,189.5736,276.11149,938.3643,243.45173,456.40114,232.6852,388.85161,773.31108,968.6781,482.6976,943.74130,251.55126,021.1069,565.4781,458.94100,978.49140,635.94131,402.37139,200.8169,871.92124,234.9153,485.00310,539.0038,750.5356,705.66128,221.1389,376.8437,892.5898,521.8769,750.5729,443.7179,288.0375,483.4548,890.1457,347.4872,749.0757,276.2653,957.4284,035.8268,288.6847,516.5455,790.7174,103.82176,190.16212,521.2619,930.0442,475.6078,629.1962,011.8646,857.77173,944.47159,216.4758,921.3197,291.62146,076.81118,061.0587,205.01178,763.42149,486.2781,412.1056,717.5317,028.19103,279.79173,478.65161,544.06124,593.0442,239.66183,363.60153,011.39141,796.75103,874.10383,996.7657,227.99150,313.19249,099.4499,064.31169,629.55222,700.23143,322.47173,258.94182,852.21156,177.7789,830.34241,782.39211,872.69177,993.8832,695.3786,077.8372,885.55100,469.75176,114.73118,027.3772,385.5381,262.34228,961.30148,243.0536,747.24105,686.13104,743.2272,314.7331,966.82165,631.75123,751.91119,156.18162,123.7499,114.91171,884.0087,404.0044,232.8464,192.86156,453.01187,874.45107,271.9436,785.2880,719.44159,057.92172,397.66116,548.17138,764.60148,405.47194,326.70197,471.1096,669.9282,525.61106,115.8583,340.04130,242.4171,119.23144,237.38230,765.62152,442.32117,288.2953,801.73112,909.40126,346.4496,613.06151,012.12122,468.3350,646.66167,615.14184,431.4840,544.43178,189.5736,276.11149,938.3643,243.45173,456.40114,232.6852,388.85161,773.31108,968.6781,482.6976,943.74130,251.55126,021.1069,565.4781,458.94100,978.49140,635.94131,402.37139,200.8169,871.92124,234.9153,485.00310,539.0038,750.5356,705.66128,221.1389,376.8437,892.5898,521.8769,750.5729,443.7179,288.0375,483.4548,890.1457,347.4872,749.0757,276.2653,957.4284,035.8268,288.6847,516.5455,790.7174,103.82176,190.16212,521.2619,930.0442,475.6078,629.1962,011.8646,857.77173,944.47159,216.4758,921.3197,291.62146,076.81118,061.0587,205.01178,763.42149,486.2781,412.1056,717.5317,028.19103,279.79173,478.65161,544.06124,593.0442,239.66183,363.60153,011.39141,796.75103,874.10383,996.7657,227.99150,313.19249,099.4499,064.31169,629.55222,700.23143,322.47173,258.94182,852.21156,177.7789,830.34241,782.39211,872.69177,993.8832,695.3786,077.8372,885.55100,469.75176,114.73118,027.3772,385.5381,262.34228,961.30148,243.0536,747.24105,686.13104,743.2272,314.7331,966.82165,631.75123,751.91119,156.18162,123.7499,114.91171,884.0087,404.0044,232.8464,192.86156,453.01187,874.45107,271.9436,785.2880,719.44159,057.92172,397.66116,548.17138,764.60148,405.47194,326.70197,471.1096,669.9282,525.61106,115.8583,340.04130,242.4171,119.23144,237.38230,765.62152,442.32117,288.2953,801.73112,909.40126,346.4496,613.06151,012.12122,468.3350,646.66167,615.14184,431.4840,544.43178,189.5736,276.11149,938.3643,243.45173,456.40114,232.6852,388.85161,773.31108,968.6781,482.6976,943.74130,251.55126,021.1069,565.4781,458.94100,978.49140,635.94131,402.37139,200.8169,871.92124,234.9153,485.00310,539.0038,750.5356,705.66128,221.1389,376.8437,892.5898,521.8769,750.5729,443.7179,288.0375,483.4548,890.1457,347.4872,749.0757,276.2653,957.4284,035.8268,288.6847,516.5455,790.7174,103.82176,190.16212,521.2619,930.0442,475.6078,629.1962,011.8646,857.77173,944.47159,216.4758,921.3197,291.62146,076.81118,061.0587,205.01178,763.42149,486.2781,412.1056,717.5317,028.19103,279.79173,478.65161,544.06124,593.0442,239.66183,363.60153,011.39141,796.75103,874.10383,996.7657,227.99150,313.19249,099.4499,064.31169,629.55222,700.23143,322.47173,258.94182,852.21156,177.7789,830.34241,782.39211,872.69177,993.8832,695.3786,077.8372,885.55100,469.75176,114.73118,027.3772,385.5381,262.34228,961.30148,243.0536,747.24105,686.13104,743.2272,314.7331,966.82165,631.75123,751.91119,156.18162,123.7499,114.91171,884.0087,404.0044,232.8464,192.86156,453.01187,874.45107,271.9436,785.2880,719.44159,057.92172,397.66116,548.17138,764.60148,405.47194,326.70197,471.1096,669.9282,525.61106,115.8583,340.04130,242.4171,119.23144,237.38230,765.62152,442.32117,288.2953,801.73112,909.40126,346.4496,613.06151,012.12122,468.3350,646.66167,615.14184,431.4840,544.43178,189.5736,276.11149,938.3643,243.45173,456.40114,232.6852,388.85161,773.31108,968.6781,482.6976,943.74130,251.55126,021.1069,565.4781,458.94100,978.49140,635.94131,402.37139,200.8169,871.92124,234.9153,485.00310,539.0038,750.5356,705.66128,221.1389,376.8437,892.5898,521.8769,750.5729,443.7179,288.0375,483.4548,890.1457,347.4872,749.0757,276.2653,957.4284,035.8268,288.6847,516.5455,790.7174,103.82176,190.16212,521.2619,930.0442,475.6078,629.1962,011.8646,857.77173,944.47159,216.4758,921.3197,291.62146,076.81118,061.0587,205.01"
Hessel-Stiedemann,660,"74,532.0278,461.13136,915.61236,462.3095,566.43124,668.3692,698.4524,543.7298,322.9862,567.5868,773.03162,246.76158,362.3381,219.6742,028.4584,224.98112,491.58108,713.83107,232.9961,325.2580,431.3433,210.56290,551.7499,319.33234,340.3195,575.7526,899.97274,242.36271,411.92138,249.7757,859.08128,112.2689,930.1886,669.2387,409.49159,514.0366,146.5718,897.9772,757.01174,262.11121,043.69174,271.91173,418.59184,221.2057,348.43249,842.77118,026.37111,557.6895,960.7779,375.1726,490.47157,942.6574,958.46232,217.05158,240.2474,532.0278,461.13136,915.61236,462.3095,566.43124,668.3692,698.4524,543.7298,322.9862,567.5868,773.03162,246.76158,362.3381,219.6742,028.4584,224.98112,491.58108,713.83107,232.9961,325.2580,431.3433,210.56290,551.7499,319.33234,340.3195,575.7526,899.97274,242.36271,411.92138,249.7757,859.08128,112.2689,930.1886,669.2387,409.49159,514.0366,146.5718,897.9772,757.01174,262.11121,043.69174,271.91173,418.59184,221.2057,348.43249,842.77118,026.37111,557.6895,960.7779,375.1726,490.47157,942.6574,958.46232,217.05158,240.2474,532.0278,461.13136,915.61236,462.3095,566.43124,668.3692,698.4524,543.7298,322.9862,567.5868,773.03162,246.76158,362.3381,219.6742,028.4584,224.98112,491.58108,713.83107,232.9961,325.2580,431.3433,210.56290,551.7499,319.33234,340.3195,575.7526,899.97274,242.36271,411.92138,249.7757,859.08128,112.2689,930.1886,669.2387,409.49159,514.0366,146.5718,897.9772,757.01174,262.11121,043.69174,271.91173,418.59184,221.2057,348.43249,842.77118,026.37111,557.6895,960.7779,375.1726,490.47157,942.6574,958.46232,217.05158,240.2474,532.0278,461.13136,915.61236,462.3095,566.43124,668.3692,698.4524,543.7298,322.9862,567.5868,773.03162,246.76158,362.3381,219.6742,028.4584,224.98112,491.58108,713.83107,232.9961,325.2580,431.3433,210.56290,551.7499,319.33234,340.3195,575.7526,899.97274,242.36271,411.92138,249.7757,859.08128,112.2689,930.1886,669.2387,409.49159,514.0366,146.5718,897.9772,757.01174,262.11121,043.69174,271.91173,418.59184,221.2057,348.43249,842.77118,026.37111,557.6895,960.7779,375.1726,490.47157,942.6574,958.46232,217.05158,240.2474,532.0278,461.13136,915.61236,462.3095,566.43124,668.3692,698.4524,543.7298,322.9862,567.5868,773.03162,246.76158,362.3381,219.6742,028.4584,224.98112,491.58108,713.83107,232.9961,325.2580,431.3433,210.56290,551.7499,319.33234,340.3195,575.7526,899.97274,242.36271,411.92138,249.7757,859.08128,112.2689,930.1886,669.2387,409.49159,514.0366,146.5718,897.9772,757.01174,262.11121,043.69174,271.91173,418.59184,221.2057,348.43249,842.77118,026.37111,557.6895,960.7779,375.1726,490.47157,942.6574,958.46232,217.05158,240.2474,532.0278,461.13136,915.61236,462.3095,566.43124,668.3692,698.4524,543.7298,322.9862,567.5868,773.03162,246.76158,362.3381,219.6742,028.4584,224.98112,491.58108,713.83107,232.9961,325.2580,431.3433,210.56290,551.7499,319.33234,340.3195,575.7526,899.97274,242.36271,411.92138,249.7757,859.08128,112.2689,930.1886,669.2387,409.49159,514.0366,146.5718,897.9772,757.01174,262.11121,043.69174,271.91173,418.59184,221.2057,348.43249,842.77118,026.37111,557.6895,960.7779,375.1726,490.47157,942.6574,958.46232,217.05158,240.2474,532.0278,461.13136,915.61236,462.3095,566.43124,668.3692,698.4524,543.7298,322.9862,567.5868,773.03162,246.76158,362.3381,219.6742,028.4584,224.98112,491.58108,713.83107,232.9961,325.2580,431.3433,210.56290,551.7499,319.33234,340.3195,575.7526,899.97274,242.36271,411.92138,249.7757,859.08128,112.2689,930.1886,669.2387,409.49159,514.0366,146.5718,897.9772,757.01174,262.11121,043.69174,271.91173,418.59184,221.2057,348.43249,842.77118,026.37111,557.6895,960.7779,375.1726,490.47157,942.6574,958.46232,217.05158,240.2474,532.0278,461.13136,915.61236,462.3095,566.43124,668.3692,698.4524,543.7298,322.9862,567.5868,773.03162,246.76158,362.3381,219.6742,028.4584,224.98112,491.58108,713.83107,232.9961,325.2580,431.3433,210.56290,551.7499,319.33234,340.3195,575.7526,899.97274,242.36271,411.92138,249.7757,859.08128,112.2689,930.1886,669.2387,409.49159,514.0366,146.5718,897.9772,757.01174,262.11121,043.69174,271.91173,418.59184,221.2057,348.43249,842.77118,026.37111,557.6895,960.7779,375.1726,490.47157,942.6574,958.46232,217.05158,240.2474,532.0278,461.13136,915.61236,462.3095,566.43124,668.3692,698.4524,543.7298,322.9862,567.5868,773.03162,246.76158,362.3381,219.6742,028.4584,224.98112,491.58108,713.83107,232.9961,325.2580,431.3433,210.56290,551.7499,319.33234,340.3195,575.7526,899.97274,242.36271,411.92138,249.7757,859.08128,112.2689,930.1886,669.2387,409.49159,514.0366,146.5718,897.9772,757.01174,262.11121,043.69174,271.91173,418.59184,221.2057,348.43249,842.77118,026.37111,557.6895,960.7779,375.1726,490.47157,942.6574,958.46232,217.05158,240.2474,532.0278,461.13136,915.61236,462.3095,566.43124,668.3692,698.4524,543.7298,322.9862,567.5868,773.03162,246.76158,362.3381,219.6742,028.4584,224.98112,491.58108,713.83107,232.9961,325.2580,431.3433,210.56290,551.7499,319.33234,340.3195,575.7526,899.97274,242.36271,411.92138,249.7757,859.08128,112.2689,930.1886,669.2387,409.49159,514.0366,146.5718,897.9772,757.01174,262.11121,043.69174,271.91173,418.59184,221.2057,348.43249,842.77118,026.37111,557.6895,960.7779,375.1726,490.47157,942.6574,958.46232,217.05158,240.2474,532.0278,461.13136,915.61236,462.3095,566.43124,668.3692,698.4524,543.7298,322.9862,567.5868,773.03162,246.76158,362.3381,219.6742,028.4584,224.98112,491.58108,713.83107,232.9961,325.2580,431.3433,210.56290,551.7499,319.33234,340.3195,575.7526,899.97274,242.36271,411.92138,249.7757,859.08128,112.2689,930.1886,669.2387,409.49159,514.0366,146.5718,897.9772,757.01174,262.11121,043.69174,271.91173,418.59184,221.2057,348.43249,842.77118,026.37111,557.6895,960.7779,375.1726,490.47157,942.6574,958.46232,217.05158,240.2474,532.0278,461.13136,915.61236,462.3095,566.43124,668.3692,698.4524,543.7298,322.9862,567.5868,773.03162,246.76158,362.3381,219.6742,028.4584,224.98112,491.58108,713.83107,232.9961,325.2580,431.3433,210.56290,551.7499,319.33234,340.3195,575.7526,899.97274,242.36271,411.92138,249.7757,859.08128,112.2689,930.1886,669.2387,409.49159,514.0366,146.5718,897.9772,757.01174,262.11121,043.69174,271.91173,418.59184,221.2057,348.43249,842.77118,026.37111,557.6895,960.7779,375.1726,490.47157,942.6574,958.46232,217.05158,240.24"
"Swaniawski, Runolfsson and Green",300,"142,664.34108,920.5674,273.54102,918.09146,540.7550,689.1993,996.68159,793.46104,152.15163,203.64100,094.9749,664.1748,946.7483,226.45132,760.25152,370.5789,369.0040,467.8521,921.66127,591.7371,079.80124,784.67144,530.3578,057.9694,115.99142,664.34108,920.5674,273.54102,918.09146,540.7550,689.1993,996.68159,793.46104,152.15163,203.64100,094.9749,664.1748,946.7483,226.45132,760.25152,370.5789,369.0040,467.8521,921.66127,591.7371,079.80124,784.67144,530.3578,057.9694,115.99142,664.34108,920.5674,273.54102,918.09146,540.7550,689.1993,996.68159,793.46104,152.15163,203.64100,094.9749,664.1748,946.7483,226.45132,760.25152,370.5789,369.0040,467.8521,921.66127,591.7371,079.80124,784.67144,530.3578,057.9694,115.99142,664.34108,920.5674,273.54102,918.09146,540.7550,689.1993,996.68159,793.46104,152.15163,203.64100,094.9749,664.1748,946.7483,226.45132,760.25152,370.5789,369.0040,467.8521,921.66127,591.7371,079.80124,784.67144,530.3578,057.9694,115.99142,664.34108,920.5674,273.54102,918.09146,540.7550,689.1993,996.68159,793.46104,152.15163,203.64100,094.9749,664.1748,946.7483,226.45132,760.25152,370.5789,369.0040,467.8521,921.66127,591.7371,079.80124,784.67144,530.3578,057.9694,115.99142,664.34108,920.5674,273.54102,918.09146,540.7550,689.1993,996.68159,793.46104,152.15163,203.64100,094.9749,664.1748,946.7483,226.45132,760.25152,370.5789,369.0040,467.8521,921.66127,591.7371,079.80124,784.67144,530.3578,057.9694,115.99142,664.34108,920.5674,273.54102,918.09146,540.7550,689.1993,996.68159,793.46104,152.15163,203.64100,094.9749,664.1748,946.7483,226.45132,760.25152,370.5789,369.0040,467.8521,921.66127,591.7371,079.80124,784.67144,530.3578,057.9694,115.99142,664.34108,920.5674,273.54102,918.09146,540.7550,689.1993,996.68159,793.46104,152.15163,203.64100,094.9749,664.1748,946.7483,226.45132,760.25152,370.5789,369.0040,467.8521,921.66127,591.7371,079.80124,784.67144,530.3578,057.9694,115.99142,664.34108,920.5674,273.54102,918.09146,540.7550,689.1993,996.68159,793.46104,152.15163,203.64100,094.9749,664.1748,946.7483,226.45132,760.25152,370.5789,369.0040,467.8521,921.66127,591.7371,079.80124,784.67144,530.3578,057.9694,115.99142,664.34108,920.5674,273.54102,918.09146,540.7550,689.1993,996.68159,793.46104,152.15163,203.64100,094.9749,664.1748,946.7483,226.45132,760.25152,370.5789,369.0040,467.8521,921.66127,591.7371,079.80124,784.67144,530.3578,057.9694,115.99142,664.34108,920.5674,273.54102,918.09146,540.7550,689.1993,996.68159,793.46104,152.15163,203.64100,094.9749,664.1748,946.7483,226.45132,760.25152,370.5789,369.0040,467.8521,921.66127,591.7371,079.80124,784.67144,530.3578,057.9694,115.99142,664.34108,920.5674,273.54102,918.09146,540.7550,689.1993,996.68159,793.46104,152.15163,203.64100,094.9749,664.1748,946.7483,226.45132,760.25152,370.5789,369.0040,467.8521,921.66127,591.7371,079.80124,784.67144,530.3578,057.9694,115.99"
"Murray, Reichel and Nolan",230,"98,289.32144,640.8044,147.92128,227.36120,763.2335,619.2848,922.42139,075.5955,882.12131,864.04126,682.7995,410.97125,253.5915,100.5757,913.3681,095.3919,814.8659,043.3988,832.2861,374.0628,755.32104,391.93127,143.5498,289.32144,640.8044,147.92128,227.36120,763.2335,619.2848,922.42139,075.5955,882.12131,864.04126,682.7995,410.97125,253.5915,100.5757,913.3681,095.3919,814.8659,043.3988,832.2861,374.0628,755.32104,391.93127,143.5498,289.32144,640.8044,147.92128,227.36120,763.2335,619.2848,922.42139,075.5955,882.12131,864.04126,682.7995,410.97125,253.5915,100.5757,913.3681,095.3919,814.8659,043.3988,832.2861,374.0628,755.32104,391.93127,143.5498,289.32144,640.8044,147.92128,227.36120,763.2335,619.2848,922.42139,075.5955,882.12131,864.04126,682.7995,410.97125,253.5915,100.5757,913.3681,095.3919,814.8659,043.3988,832.2861,374.0628,755.32104,391.93127,143.5498,289.32144,640.8044,147.92128,227.36120,763.2335,619.2848,922.42139,075.5955,882.12131,864.04126,682.7995,410.97125,253.5915,100.5757,913.3681,095.3919,814.8659,043.3988,832.2861,374.0628,755.32104,391.93127,143.5498,289.32144,640.8044,147.92128,227.36120,763.2335,619.2848,922.42139,075.5955,882.12131,864.04126,682.7995,410.97125,253.5915,100.5757,913.3681,095.3919,814.8659,043.3988,832.2861,374.0628,755.32104,391.93127,143.5498,289.32144,640.8044,147.92128,227.36120,763.2335,619.2848,922.42139,075.5955,882.12131,864.04126,682.7995,410.97125,253.5915,100.5757,913.3681,095.3919,814.8659,043.3988,832.2861,374.0628,755.32104,391.93127,143.5498,289.32144,640.8044,147.92128,227.36120,763.2335,619.2848,922.42139,075.5955,882.12131,864.04126,682.7995,410.97125,253.5915,100.5757,913.3681,095.3919,814.8659,043.3988,832.2861,374.0628,755.32104,391.93127,143.5498,289.32144,640.8044,147.92128,227.36120,763.2335,619.2848,922.42139,075.5955,882.12131,864.04126,682.7995,410.97125,253.5915,100.5757,913.3681,095.3919,814.8659,043.3988,832.2861,374.0628,755.32104,391.93127,143.5498,289.32144,640.8044,147.92128,227.36120,763.2335,619.2848,922.42139,075.5955,882.12131,864.04126,682.7995,410.97125,253.5915,100.5757,913.3681,095.3919,814.8659,043.3988,832.2861,374.0628,755.32104,391.93127,143.54"
"Dickinson, Hyatt and Berge",192,"55,132.3990,559.1628,328.7877,128.7565,014.8463,373.7280,986.10109,562.50124,534.9692,179.76216,863.04112,481.44141,552.40148,359.68118,030.7056,068.7079,313.86254,883.03263,571.8235,354.22110,837.9699,518.86154,858.00128,235.6555,132.3990,559.1628,328.7877,128.7565,014.8463,373.7280,986.10109,562.50124,534.9692,179.76216,863.04112,481.44141,552.40148,359.68118,030.7056,068.7079,313.86254,883.03263,571.8235,354.22110,837.9699,518.86154,858.00128,235.6555,132.3990,559.1628,328.7877,128.7565,014.8463,373.7280,986.10109,562.50124,534.9692,179.76216,863.04112,481.44141,552.40148,359.68118,030.7056,068.7079,313.86254,883.03263,571.8235,354.22110,837.9699,518.86154,858.00128,235.6555,132.3990,559.1628,328.7877,128.7565,014.8463,373.7280,986.10109,562.50124,534.9692,179.76216,863.04112,481.44141,552.40148,359.68118,030.7056,068.7079,313.86254,883.03263,571.8235,354.22110,837.9699,518.86154,858.00128,235.6555,132.3990,559.1628,328.7877,128.7565,014.8463,373.7280,986.10109,562.50124,534.9692,179.76216,863.04112,481.44141,552.40148,359.68118,030.7056,068.7079,313.86254,883.03263,571.8235,354.22110,837.9699,518.86154,858.00128,235.6555,132.3990,559.1628,328.7877,128.7565,014.8463,373.7280,986.10109,562.50124,534.9692,179.76216,863.04112,481.44141,552.40148,359.68118,030.7056,068.7079,313.86254,883.03263,571.8235,354.22110,837.9699,518.86154,858.00128,235.6555,132.3990,559.1628,328.7877,128.7565,014.8463,373.7280,986.10109,562.50124,534.9692,179.76216,863.04112,481.44141,552.40148,359.68118,030.7056,068.7079,313.86254,883.03263,571.8235,354.22110,837.9699,518.86154,858.00128,235.6555,132.3990,559.1628,328.7877,128.7565,014.8463,373.7280,986.10109,562.50124,534.9692,179.76216,863.04112,481.44141,552.40148,359.68118,030.7056,068.7079,313.86254,883.03263,571.8235,354.22110,837.9699,518.86154,858.00128,235.65"
Tillman and Sons,189,"54,078.9229,493.79114,427.3691,350.76118,321.11116,023.51135,629.3686,854.64135,344.5297,514.7087,321.8939,287.29176,080.3686,704.0871,360.3681,358.5875,264.84168,773.6045,261.84174,951.1893,902.0454,078.9229,493.79114,427.3691,350.76118,321.11116,023.51135,629.3686,854.64135,344.5297,514.7087,321.8939,287.29176,080.3686,704.0871,360.3681,358.5875,264.84168,773.6045,261.84174,951.1893,902.0454,078.9229,493.79114,427.3691,350.76118,321.11116,023.51135,629.3686,854.64135,344.5297,514.7087,321.8939,287.29176,080.3686,704.0871,360.3681,358.5875,264.84168,773.6045,261.84174,951.1893,902.0454,078.9229,493.79114,427.3691,350.76118,321.11116,023.51135,629.3686,854.64135,344.5297,514.7087,321.8939,287.29176,080.3686,704.0871,360.3681,358.5875,264.84168,773.6045,261.84174,951.1893,902.0454,078.9229,493.79114,427.3691,350.76118,321.11116,023.51135,629.3686,854.64135,344.5297,514.7087,321.8939,287.29176,080.3686,704.0871,360.3681,358.5875,264.84168,773.6045,261.84174,951.1893,902.0454,078.9229,493.79114,427.3691,350.76118,321.11116,023.51135,629.3686,854.64135,344.5297,514.7087,321.8939,287.29176,080.3686,704.0871,360.3681,358.5875,264.84168,773.6045,261.84174,951.1893,902.0454,078.9229,493.79114,427.3691,350.76118,321.11116,023.51135,629.3686,854.64135,344.5297,514.7087,321.8939,287.29176,080.3686,704.0871,360.3681,358.5875,264.84168,773.6045,261.84174,951.1893,902.0454,078.9229,493.79114,427.3691,350.76118,321.11116,023.51135,629.3686,854.64135,344.5297,514.7087,321.8939,287.29176,080.3686,704.0871,360.3681,358.5875,264.84168,773.6045,261.84174,951.1893,902.0454,078.9229,493.79114,427.3691,350.76118,321.11116,023.51135,629.3686,854.64135,344.5297,514.7087,321.8939,287.29176,080.3686,704.0871,360.3681,358.5875,264.84168,773.6045,261.84174,951.1893,902.04"
Altenwerth-Konopelski,180,"115,689.2274,364.4662,788.0455,539.67165,262.34253,291.5551,407.30312,928.7233,617.03121,246.32325,331.9957,107.2689,639.28230,669.3736,181.81108,158.8084,712.13168,226.52121,928.4856,118.05115,689.2274,364.4662,788.0455,539.67165,262.34253,291.5551,407.30312,928.7233,617.03121,246.32325,331.9957,107.2689,639.28230,669.3736,181.81108,158.8084,712.13168,226.52121,928.4856,118.05115,689.2274,364.4662,788.0455,539.67165,262.34253,291.5551,407.30312,928.7233,617.03121,246.32325,331.9957,107.2689,639.28230,669.3736,181.81108,158.8084,712.13168,226.52121,928.4856,118.05115,689.2274,364.4662,788.0455,539.67165,262.34253,291.5551,407.30312,928.7233,617.03121,246.32325,331.9957,107.2689,639.28230,669.3736,181.81108,158.8084,712.13168,226.52121,928.4856,118.05115,689.2274,364.4662,788.0455,539.67165,262.34253,291.5551,407.30312,928.7233,617.03121,246.32325,331.9957,107.2689,639.28230,669.3736,181.81108,158.8084,712.13168,226.52121,928.4856,118.05115,689.2274,364.4662,788.0455,539.67165,262.34253,291.5551,407.30312,928.7233,617.03121,246.32325,331.9957,107.2689,639.28230,669.3736,181.81108,158.8084,712.13168,226.52121,928.4856,118.05115,689.2274,364.4662,788.0455,539.67165,262.34253,291.5551,407.30312,928.7233,617.03121,246.32325,331.9957,107.2689,639.28230,669.3736,181.81108,158.8084,712.13168,226.52121,928.4856,118.05115,689.2274,364.4662,788.0455,539.67165,262.34253,291.5551,407.30312,928.7233,617.03121,246.32325,331.9957,107.2689,639.28230,669.3736,181.81108,158.8084,712.13168,226.52121,928.4856,118.05115,689.2274,364.4662,788.0455,539.67165,262.34253,291.5551,407.30312,928.7233,617.03121,246.32325,331.9957,107.2689,639.28230,669.3736,181.81108,158.8084,712.13168,226.52121,928.4856,118.05"
Labadie and Sons,171,"124,414.7427,987.13161,217.1640,831.5268,745.86116,774.43174,392.33166,507.76113,586.11222,379.49166,380.74168,757.2366,613.3149,930.8748,763.5897,439.36127,075.41100,578.60122,889.28124,414.7427,987.13161,217.1640,831.5268,745.86116,774.43174,392.33166,507.76113,586.11222,379.49166,380.74168,757.2366,613.3149,930.8748,763.5897,439.36127,075.41100,578.60122,889.28124,414.7427,987.13161,217.1640,831.5268,745.86116,774.43174,392.33166,507.76113,586.11222,379.49166,380.74168,757.2366,613.3149,930.8748,763.5897,439.36127,075.41100,578.60122,889.28124,414.7427,987.13161,217.1640,831.5268,745.86116,774.43174,392.33166,507.76113,586.11222,379.49166,380.74168,757.2366,613.3149,930.8748,763.5897,439.36127,075.41100,578.60122,889.28124,414.7427,987.13161,217.1640,831.5268,745.86116,774.43174,392.33166,507.76113,586.11222,379.49166,380.74168,757.2366,613.3149,930.8748,763.5897,439.36127,075.41100,578.60122,889.28124,414.7427,987.13161,217.1640,831.5268,745.86116,774.43174,392.33166,507.76113,586.11222,379.49166,380.74168,757.2366,613.3149,930.8748,763.5897,439.36127,075.41100,578.60122,889.28124,414.7427,987.13161,217.1640,831.5268,745.86116,774.43174,392.33166,507.76113,586.11222,379.49166,380.74168,757.2366,613.3149,930.8748,763.5897,439.36127,075.41100,578.60122,889.28124,414.7427,987.13161,217.1640,831.5268,745.86116,774.43174,392.33166,507.76113,586.11222,379.49166,380.74168,757.2366,613.3149,930.8748,763.5897,439.36127,075.41100,578.60122,889.28124,414.7427,987.13161,217.1640,831.5268,745.86116,774.43174,392.33166,507.76113,586.11222,379.49166,380.74168,757.2366,613.3149,930.8748,763.5897,439.36127,075.41100,578.60122,889.28"
Friesen-Rath,171,"54,566.99153,029.7253,593.86161,823.46157,007.52163,967.8936,070.7637,521.39147,055.10161,630.62132,246.4899,887.8660,068.7161,994.02186,209.44154,936.2440,187.99176,662.2657,367.9354,566.99153,029.7253,593.86161,823.46157,007.52163,967.8936,070.7637,521.39147,055.10161,630.62132,246.4899,887.8660,068.7161,994.02186,209.44154,936.2440,187.99176,662.2657,367.9354,566.99153,029.7253,593.86161,823.46157,007.52163,967.8936,070.7637,521.39147,055.10161,630.62132,246.4899,887.8660,068.7161,994.02186,209.44154,936.2440,187.99176,662.2657,367.9354,566.99153,029.7253,593.86161,823.46157,007.52163,967.8936,070.7637,521.39147,055.10161,630.62132,246.4899,887.8660,068.7161,994.02186,209.44154,936.2440,187.99176,662.2657,367.9354,566.99153,029.7253,593.86161,823.46157,007.52163,967.8936,070.7637,521.39147,055.10161,630.62132,246.4899,887.8660,068.7161,994.02186,209.44154,936.2440,187.99176,662.2657,367.9354,566.99153,029.7253,593.86161,823.46157,007.52163,967.8936,070.7637,521.39147,055.10161,630.62132,246.4899,887.8660,068.7161,994.02186,209.44154,936.2440,187.99176,662.2657,367.9354,566.99153,029.7253,593.86161,823.46157,007.52163,967.8936,070.7637,521.39147,055.10161,630.62132,246.4899,887.8660,068.7161,994.02186,209.44154,936.2440,187.99176,662.2657,367.9354,566.99153,029.7253,593.86161,823.46157,007.52163,967.8936,070.7637,521.39147,055.10161,630.62132,246.4899,887.8660,068.7161,994.02186,209.44154,936.2440,187.99176,662.2657,367.9354,566.99153,029.7253,593.86161,823.46157,007.52163,967.8936,070.7637,521.39147,055.10161,630.62132,246.4899,887.8660,068.7161,994.02186,209.44154,936.2440,187.99176,662.2657,367.93"
Romaguera-Dietrich,160,"172,989.17134,908.1969,681.43148,037.7161,968.26125,280.28120,152.33133,057.07111,462.88161,984.91233,858.47144,927.1780,013.8144,118.50127,830.3825,834.34177,208.7697,148.34223,233.3233,013.08172,989.17134,908.1969,681.43148,037.7161,968.26125,280.28120,152.33133,057.07111,462.88161,984.91233,858.47144,927.1780,013.8144,118.50127,830.3825,834.34177,208.7697,148.34223,233.3233,013.08172,989.17134,908.1969,681.43148,037.7161,968.26125,280.28120,152.33133,057.07111,462.88161,984.91233,858.47144,927.1780,013.8144,118.50127,830.3825,834.34177,208.7697,148.34223,233.3233,013.08172,989.17134,908.1969,681.43148,037.7161,968.26125,280.28120,152.33133,057.07111,462.88161,984.91233,858.47144,927.1780,013.8144,118.50127,830.3825,834.34177,208.7697,148.34223,233.3233,013.08172,989.17134,908.1969,681.43148,037.7161,968.26125,280.28120,152.33133,057.07111,462.88161,984.91233,858.47144,927.1780,013.8144,118.50127,830.3825,834.34177,208.7697,148.34223,233.3233,013.08172,989.17134,908.1969,681.43148,037.7161,968.26125,280.28120,152.33133,057.07111,462.88161,984.91233,858.47144,927.1780,013.8144,118.50127,830.3825,834.34177,208.7697,148.34223,233.3233,013.08172,989.17134,908.1969,681.43148,037.7161,968.26125,280.28120,152.33133,057.07111,462.88161,984.91233,858.47144,927.1780,013.8144,118.50127,830.3825,834.34177,208.7697,148.34223,233.3233,013.08172,989.17134,908.1969,681.43148,037.7161,968.26125,280.28120,152.33133,057.07111,462.88161,984.91233,858.47144,927.1780,013.8144,118.50127,830.3825,834.34177,208.7697,148.34223,233.3233,013.08"
"Farrell, Swaniawski and Crist",136,"84,900.2479,874.4269,126.5052,227.0776,652.7350,796.04146,226.3630,550.32102,073.04165,747.20115,339.49115,151.2280,474.78194,531.02106,730.1625,907.52105,340.8584,900.2479,874.4269,126.5052,227.0776,652.7350,796.04146,226.3630,550.32102,073.04165,747.20115,339.49115,151.2280,474.78194,531.02106,730.1625,907.52105,340.8584,900.2479,874.4269,126.5052,227.0776,652.7350,796.04146,226.3630,550.32102,073.04165,747.20115,339.49115,151.2280,474.78194,531.02106,730.1625,907.52105,340.8584,900.2479,874.4269,126.5052,227.0776,652.7350,796.04146,226.3630,550.32102,073.04165,747.20115,339.49115,151.2280,474.78194,531.02106,730.1625,907.52105,340.8584,900.2479,874.4269,126.5052,227.0776,652.7350,796.04146,226.3630,550.32102,073.04165,747.20115,339.49115,151.2280,474.78194,531.02106,730.1625,907.52105,340.8584,900.2479,874.4269,126.5052,227.0776,652.7350,796.04146,226.3630,550.32102,073.04165,747.20115,339.49115,151.2280,474.78194,531.02106,730.1625,907.52105,340.8584,900.2479,874.4269,126.5052,227.0776,652.7350,796.04146,226.3630,550.32102,073.04165,747.20115,339.49115,151.2280,474.78194,531.02106,730.1625,907.52105,340.8584,900.2479,874.4269,126.5052,227.0776,652.7350,796.04146,226.3630,550.32102,073.04165,747.20115,339.49115,151.2280,474.78194,531.02106,730.1625,907.52105,340.85"
Armstrong-Little,133,"93,153.9864,053.7772,857.4140,385.45165,259.58151,632.3335,289.7577,043.8485,237.91124,093.76140,943.8891,561.49122,998.6550,374.22111,676.46152,747.92249,915.21133,754.6595,307.2193,153.9864,053.7772,857.4140,385.45165,259.58151,632.3335,289.7577,043.8485,237.91124,093.76140,943.8891,561.49122,998.6550,374.22111,676.46152,747.92249,915.21133,754.6595,307.2193,153.9864,053.7772,857.4140,385.45165,259.58151,632.3335,289.7577,043.8485,237.91124,093.76140,943.8891,561.49122,998.6550,374.22111,676.46152,747.92249,915.21133,754.6595,307.2193,153.9864,053.7772,857.4140,385.45165,259.58151,632.3335,289.7577,043.8485,237.91124,093.76140,943.8891,561.49122,998.6550,374.22111,676.46152,747.92249,915.21133,754.6595,307.2193,153.9864,053.7772,857.4140,385.45165,259.58151,632.3335,289.7577,043.8485,237.91124,093.76140,943.8891,561.49122,998.6550,374.22111,676.46152,747.92249,915.21133,754.6595,307.2193,153.9864,053.7772,857.4140,385.45165,259.58151,632.3335,289.7577,043.8485,237.91124,093.76140,943.8891,561.49122,998.6550,374.22111,676.46152,747.92249,915.21133,754.6595,307.2193,153.9864,053.7772,857.4140,385.45165,259.58151,632.3335,289.7577,043.8485,237.91124,093.76140,943.8891,561.49122,998.6550,374.22111,676.46152,747.92249,915.21133,754.6595,307.21"
Kihn Inc,132,"168,197.7878,542.5915,817.0552,805.9437,520.0986,628.3253,616.0634,930.0848,090.7867,611.54133,985.9191,540.0382,697.5356,768.43308,763.51134,243.39111,523.01154,950.74129,353.2232,779.6740,535.6482,357.57168,197.7878,542.5915,817.0552,805.9437,520.0986,628.3253,616.0634,930.0848,090.7867,611.54133,985.9191,540.0382,697.5356,768.43308,763.51134,243.39111,523.01154,950.74129,353.2232,779.6740,535.6482,357.57168,197.7878,542.5915,817.0552,805.9437,520.0986,628.3253,616.0634,930.0848,090.7867,611.54133,985.9191,540.0382,697.5356,768.43308,763.51134,243.39111,523.01154,950.74129,353.2232,779.6740,535.6482,357.57168,197.7878,542.5915,817.0552,805.9437,520.0986,628.3253,616.0634,930.0848,090.7867,611.54133,985.9191,540.0382,697.5356,768.43308,763.51134,243.39111,523.01154,950.74129,353.2232,779.6740,535.6482,357.57168,197.7878,542.5915,817.0552,805.9437,520.0986,628.3253,616.0634,930.0848,090.7867,611.54133,985.9191,540.0382,697.5356,768.43308,763.51134,243.39111,523.01154,950.74129,353.2232,779.6740,535.6482,357.57168,197.7878,542.5915,817.0552,805.9437,520.0986,628.3253,616.0634,930.0848,090.7867,611.54133,985.9191,540.0382,697.5356,768.43308,763.51134,243.39111,523.01154,950.74129,353.2232,779.6740,535.6482,357.57"
Larkin-Collier,126,"296,465.56203,958.1628,859.7320,226.11200,635.57150,135.0026,745.94162,637.6836,644.05177,802.7085,515.6066,225.71115,538.34174,380.20172,444.09135,211.42126,974.9268,173.22131,097.0564,842.92122,035.93296,465.56203,958.1628,859.7320,226.11200,635.57150,135.0026,745.94162,637.6836,644.05177,802.7085,515.6066,225.71115,538.34174,380.20172,444.09135,211.42126,974.9268,173.22131,097.0564,842.92122,035.93296,465.56203,958.1628,859.7320,226.11200,635.57150,135.0026,745.94162,637.6836,644.05177,802.7085,515.6066,225.71115,538.34174,380.20172,444.09135,211.42126,974.9268,173.22131,097.0564,842.92122,035.93296,465.56203,958.1628,859.7320,226.11200,635.57150,135.0026,745.94162,637.6836,644.05177,802.7085,515.6066,225.71115,538.34174,380.20172,444.09135,211.42126,974.9268,173.22131,097.0564,842.92122,035.93296,465.56203,958.1628,859.7320,226.11200,635.57150,135.0026,745.94162,637.6836,644.05177,802.7085,515.6066,225.71115,538.34174,380.20172,444.09135,211.42126,974.9268,173.22131,097.0564,842.92122,035.93296,465.56203,958.1628,859.7320,226.11200,635.57150,135.0026,745.94162,637.6836,644.05177,802.7085,515.6066,225.71115,538.34174,380.20172,444.09135,211.42126,974.9268,173.22131,097.0564,842.92122,035.93"
Wisoky Inc,126,"164,971.7083,141.4792,877.5758,948.5226,713.4666,884.70163,401.23115,226.80147,895.4589,600.45166,367.16144,725.34117,538.82143,658.22176,473.3219,366.75161,192.45178,027.4638,494.7175,912.5946,296.26164,971.7083,141.4792,877.5758,948.5226,713.4666,884.70163,401.23115,226.80147,895.4589,600.45166,367.16144,725.34117,538.82143,658.22176,473.3219,366.75161,192.45178,027.4638,494.7175,912.5946,296.26164,971.7083,141.4792,877.5758,948.5226,713.4666,884.70163,401.23115,226.80147,895.4589,600.45166,367.16144,725.34117,538.82143,658.22176,473.3219,366.75161,192.45178,027.4638,494.7175,912.5946,296.26164,971.7083,141.4792,877.5758,948.5226,713.4666,884.70163,401.23115,226.80147,895.4589,600.45166,367.16144,725.34117,538.82143,658.22176,473.3219,366.75161,192.45178,027.4638,494.7175,912.5946,296.26164,971.7083,141.4792,877.5758,948.5226,713.4666,884.70163,401.23115,226.80147,895.4589,600.45166,367.16144,725.34117,538.82143,658.22176,473.3219,366.75161,192.45178,027.4638,494.7175,912.5946,296.26164,971.7083,141.4792,877.5758,948.5226,713.4666,884.70163,401.23115,226.80147,895.4589,600.45166,367.16144,725.34117,538.82143,658.22176,473.3219,366.75161,192.45178,027.4638,494.7175,912.5946,296.26"
Dibbert Inc,126,"28,783.05103,726.57126,979.62142,353.07119,819.3747,680.2047,771.76126,409.18173,829.96125,099.05128,208.9580,867.1877,278.68178,304.35101,321.52137,562.4251,504.5077,896.8328,783.05103,726.57126,979.62142,353.07119,819.3747,680.2047,771.76126,409.18173,829.96125,099.05128,208.9580,867.1877,278.68178,304.35101,321.52137,562.4251,504.5077,896.8328,783.05103,726.57126,979.62142,353.07119,819.3747,680.2047,771.76126,409.18173,829.96125,099.05128,208.9580,867.1877,278.68178,304.35101,321.52137,562.4251,504.5077,896.8328,783.05103,726.57126,979.62142,353.07119,819.3747,680.2047,771.76126,409.18173,829.96125,099.05128,208.9580,867.1877,278.68178,304.35101,321.52137,562.4251,504.5077,896.8328,783.05103,726.57126,979.62142,353.07119,819.3747,680.2047,771.76126,409.18173,829.96125,099.05128,208.9580,867.1877,278.68178,304.35101,321.52137,562.4251,504.5077,896.8328,783.05103,726.57126,979.62142,353.07119,819.3747,680.2047,771.76126,409.18173,829.96125,099.05128,208.9580,867.1877,278.68178,304.35101,321.52137,562.4251,504.5077,896.8328,783.05103,726.57126,979.62142,353.07119,819.3747,680.2047,771.76126,409.18173,829.96125,099.05128,208.9580,867.1877,278.68178,304.35101,321.52137,562.4251,504.5077,896.83"
Hegmann Group,120,"38,982.26167,123.72235,608.6637,397.43157,683.41175,332.0469,017.4250,618.21123,891.60140,337.34127,994.8763,690.72242,526.00105,678.39133,055.0438,982.26167,123.72235,608.6637,397.43157,683.41175,332.0469,017.4250,618.21123,891.60140,337.34127,994.8763,690.72242,526.00105,678.39133,055.0438,982.26167,123.72235,608.6637,397.43157,683.41175,332.0469,017.4250,618.21123,891.60140,337.34127,994.8763,690.72242,526.00105,678.39133,055.0438,982.26167,123.72235,608.6637,397.43157,683.41175,332.0469,017.4250,618.21123,891.60140,337.34127,994.8763,690.72242,526.00105,678.39133,055.0438,982.26167,123.72235,608.6637,397.43157,683.41175,332.0469,017.4250,618.21123,891.60140,337.34127,994.8763,690.72242,526.00105,678.39133,055.0438,982.26167,123.72235,608.6637,397.43157,683.41175,332.0469,017.4250,618.21123,891.60140,337.34127,994.8763,690.72242,526.00105,678.39133,055.0438,982.26167,123.72235,608.6637,397.43157,683.41175,332.0469,017.4250,618.21123,891.60140,337.34127,994.8763,690.72242,526.00105,678.39133,055.0438,982.26167,123.72235,608.6637,397.43157,683.41175,332.0469,017.4250,618.21123,891.60140,337.34127,994.8763,690.72242,526.00105,678.39133,055.04"
Corwin and Sons,120,"88,329.48353,925.0639,313.3930,166.93271,465.15238,659.4144,038.31135,662.46148,212.2383,097.4099,989.8971,049.0974,790.0275,522.66101,846.8788,329.48353,925.0639,313.3930,166.93271,465.15238,659.4144,038.31135,662.46148,212.2383,097.4099,989.8971,049.0974,790.0275,522.66101,846.8788,329.48353,925.0639,313.3930,166.93271,465.15238,659.4144,038.31135,662.46148,212.2383,097.4099,989.8971,049.0974,790.0275,522.66101,846.8788,329.48353,925.0639,313.3930,166.93271,465.15238,659.4144,038.31135,662.46148,212.2383,097.4099,989.8971,049.0974,790.0275,522.66101,846.8788,329.48353,925.0639,313.3930,166.93271,465.15238,659.4144,038.31135,662.46148,212.2383,097.4099,989.8971,049.0974,790.0275,522.66101,846.8788,329.48353,925.0639,313.3930,166.93271,465.15238,659.4144,038.31135,662.46148,212.2383,097.4099,989.8971,049.0974,790.0275,522.66101,846.8788,329.48353,925.0639,313.3930,166.93271,465.15238,659.4144,038.31135,662.46148,212.2383,097.4099,989.8971,049.0974,790.0275,522.66101,846.8788,329.48353,925.0639,313.3930,166.93271,465.15238,659.4144,038.31135,662.46148,212.2383,097.4099,989.8971,049.0974,790.0275,522.66101,846.87"
"Spencer, Rogahn and Muller",112,"138,175.53107,586.2145,256.7438,930.1651,416.2448,850.3876,767.77125,499.8238,536.92119,409.43206,869.73152,676.77123,424.43105,277.2063,196.98149,956.93138,175.53107,586.2145,256.7438,930.1651,416.2448,850.3876,767.77125,499.8238,536.92119,409.43206,869.73152,676.77123,424.43105,277.2063,196.98149,956.93138,175.53107,586.2145,256.7438,930.1651,416.2448,850.3876,767.77125,499.8238,536.92119,409.43206,869.73152,676.77123,424.43105,277.2063,196.98149,956.93138,175.53107,586.2145,256.7438,930.1651,416.2448,850.3876,767.77125,499.8238,536.92119,409.43206,869.73152,676.77123,424.43105,277.2063,196.98149,956.93138,175.53107,586.2145,256.7438,930.1651,416.2448,850.3876,767.77125,499.8238,536.92119,409.43206,869.73152,676.77123,424.43105,277.2063,196.98149,956.93138,175.53107,586.2145,256.7438,930.1651,416.2448,850.3876,767.77125,499.8238,536.92119,409.43206,869.73152,676.77123,424.43105,277.2063,196.98149,956.93138,175.53107,586.2145,256.7438,930.1651,416.2448,850.3876,767.77125,499.8238,536.92119,409.43206,869.73152,676.77123,424.43105,277.2063,196.98149,956.93"
McGlynn-Prosacco,112,"123,672.70254,021.98129,485.51250,315.0673,860.57119,858.15160,763.9080,781.6237,081.3172,002.26159,926.16105,833.5228,787.1793,007.2279,088.70131,839.16123,672.70254,021.98129,485.51250,315.0673,860.57119,858.15160,763.9080,781.6237,081.3172,002.26159,926.16105,833.5228,787.1793,007.2279,088.70131,839.16123,672.70254,021.98129,485.51250,315.0673,860.57119,858.15160,763.9080,781.6237,081.3172,002.26159,926.16105,833.5228,787.1793,007.2279,088.70131,839.16123,672.70254,021.98129,485.51250,315.0673,860.57119,858.15160,763.9080,781.6237,081.3172,002.26159,926.16105,833.5228,787.1793,007.2279,088.70131,839.16123,672.70254,021.98129,485.51250,315.0673,860.57119,858.15160,763.9080,781.6237,081.3172,002.26159,926.16105,833.5228,787.1793,007.2279,088.70131,839.16123,672.70254,021.98129,485.51250,315.0673,860.57119,858.15160,763.9080,781.6237,081.3172,002.26159,926.16105,833.5228,787.1793,007.2279,088.70131,839.16123,672.70254,021.98129,485.51250,315.0673,860.57119,858.15160,763.9080,781.6237,081.3172,002.26159,926.16105,833.5228,787.1793,007.2279,088.70131,839.16"
"Rowe, Hermiston and Kessler",110,"107,499.7855,804.0578,293.9453,849.1270,657.26110,092.8456,106.13154,072.89194,962.05238,085.99162,101.9360,592.4077,087.84102,299.9249,990.72126,582.5067,594.1034,771.79238,850.2556,823.17151,151.7765,254.50107,499.7855,804.0578,293.9453,849.1270,657.26110,092.8456,106.13154,072.89194,962.05238,085.99162,101.9360,592.4077,087.84102,299.9249,990.72126,582.5067,594.1034,771.79238,850.2556,823.17151,151.7765,254.50107,499.7855,804.0578,293.9453,849.1270,657.26110,092.8456,106.13154,072.89194,962.05238,085.99162,101.9360,592.4077,087.84102,299.9249,990.72126,582.5067,594.1034,771.79238,850.2556,823.17151,151.7765,254.50107,499.7855,804.0578,293.9453,849.1270,657.26110,092.8456,106.13154,072.89194,962.05238,085.99162,101.9360,592.4077,087.84102,299.9249,990.72126,582.5067,594.1034,771.79238,850.2556,823.17151,151.7765,254.50107,499.7855,804.0578,293.9453,849.1270,657.26110,092.8456,106.13154,072.89194,962.05238,085.99162,101.9360,592.4077,087.84102,299.9249,990.72126,582.5067,594.1034,771.79238,850.2556,823.17151,151.7765,254.50"
Walter LLC,102,"136,324.90108,689.45141,436.98190,100.96177,919.1466,678.3859,691.71177,867.30171,748.56168,178.0342,611.78149,938.7157,345.7942,290.4543,609.57296,844.24129,022.02136,324.90108,689.45141,436.98190,100.96177,919.1466,678.3859,691.71177,867.30171,748.56168,178.0342,611.78149,938.7157,345.7942,290.4543,609.57296,844.24129,022.02136,324.90108,689.45141,436.98190,100.96177,919.1466,678.3859,691.71177,867.30171,748.56168,178.0342,611.78149,938.7157,345.7942,290.4543,609.57296,844.24129,022.02136,324.90108,689.45141,436.98190,100.96177,919.1466,678.3859,691.71177,867.30171,748.56168,178.0342,611.78149,938.7157,345.7942,290.4543,609.57296,844.24129,022.02136,324.90108,689.45141,436.98190,100.96177,919.1466,678.3859,691.71177,867.30171,748.56168,178.0342,611.78149,938.7157,345.7942,290.4543,609.57296,844.24129,022.02136,324.90108,689.45141,436.98190,100.96177,919.1466,678.3859,691.71177,867.30171,748.56168,178.0342,611.78149,938.7157,345.7942,290.4543,609.57296,844.24129,022.02"
"Schowalter, Lesch and Beahan",96,"56,811.14120,453.5263,298.61226,021.18157,932.84242,192.19116,328.7547,082.6776,856.5762,947.8265,760.39127,631.89169,810.6358,933.16173,722.59251,587.2056,811.14120,453.5263,298.61226,021.18157,932.84242,192.19116,328.7547,082.6776,856.5762,947.8265,760.39127,631.89169,810.6358,933.16173,722.59251,587.2056,811.14120,453.5263,298.61226,021.18157,932.84242,192.19116,328.7547,082.6776,856.5762,947.8265,760.39127,631.89169,810.6358,933.16173,722.59251,587.2056,811.14120,453.5263,298.61226,021.18157,932.84242,192.19116,328.7547,082.6776,856.5762,947.8265,760.39127,631.89169,810.6358,933.16173,722.59251,587.2056,811.14120,453.5263,298.61226,021.18157,932.84242,192.19116,328.7547,082.6776,856.5762,947.8265,760.39127,631.89169,810.6358,933.16173,722.59251,587.2056,811.14120,453.5263,298.61226,021.18157,932.84242,192.19116,328.7547,082.6776,856.5762,947.8265,760.39127,631.89169,810.6358,933.16173,722.59251,587.20"
"Hamill, Kulas and Roob",91,"62,708.6043,066.58135,424.0684,598.68239,423.5785,223.0773,981.7741,675.01179,184.12127,946.33138,127.8169,626.39159,294.2862,708.6043,066.58135,424.0684,598.68239,423.5785,223.0773,981.7741,675.01179,184.12127,946.33138,127.8169,626.39159,294.2862,708.6043,066.58135,424.0684,598.68239,423.5785,223.0773,981.7741,675.01179,184.12127,946.33138,127.8169,626.39159,294.2862,708.6043,066.58135,424.0684,598.68239,423.5785,223.0773,981.7741,675.01179,184.12127,946.33138,127.8169,626.39159,294.2862,708.6043,066.58135,424.0684,598.68239,423.5785,223.0773,981.7741,675.01179,184.12127,946.33138,127.8169,626.39159,294.2862,708.6043,066.58135,424.0684,598.68239,423.5785,223.0773,981.7741,675.01179,184.12127,946.33138,127.8169,626.39159,294.2862,708.6043,066.58135,424.0684,598.68239,423.5785,223.0773,981.7741,675.01179,184.12127,946.33138,127.8169,626.39159,294.28"
Smith Group,91,"361,182.87122,139.94154,715.4925,816.05219,911.8199,731.40165,118.7451,090.7687,355.7019,949.11152,231.86290,010.7960,917.85361,182.87122,139.94154,715.4925,816.05219,911.8199,731.40165,118.7451,090.7687,355.7019,949.11152,231.86290,010.7960,917.85361,182.87122,139.94154,715.4925,816.05219,911.8199,731.40165,118.7451,090.7687,355.7019,949.11152,231.86290,010.7960,917.85361,182.87122,139.94154,715.4925,816.05219,911.8199,731.40165,118.7451,090.7687,355.7019,949.11152,231.86290,010.7960,917.85361,182.87122,139.94154,715.4925,816.05219,911.8199,731.40165,118.7451,090.7687,355.7019,949.11152,231.86290,010.7960,917.85361,182.87122,139.94154,715.4925,816.05219,911.8199,731.40165,118.7451,090.7687,355.7019,949.11152,231.86290,010.7960,917.85361,182.87122,139.94154,715.4925,816.05219,911.8199,731.40165,118.7451,090.7687,355.7019,949.11152,231.86290,010.7960,917.85"
"Christiansen, Donnelly and Bechtelar",90,"224,626.2550,303.66113,763.3831,627.37123,272.44165,305.7065,831.42167,301.52292,124.6483,782.1179,205.19197,581.2965,329.6553,181.88235,042.75224,626.2550,303.66113,763.3831,627.37123,272.44165,305.7065,831.42167,301.52292,124.6483,782.1179,205.19197,581.2965,329.6553,181.88235,042.75224,626.2550,303.66113,763.3831,627.37123,272.44165,305.7065,831.42167,301.52292,124.6483,782.1179,205.19197,581.2965,329.6553,181.88235,042.75224,626.2550,303.66113,763.3831,627.37123,272.44165,305.7065,831.42167,301.52292,124.6483,782.1179,205.19197,581.2965,329.6553,181.88235,042.75224,626.2550,303.66113,763.3831,627.37123,272.44165,305.7065,831.42167,301.52292,124.6483,782.1179,205.19197,581.2965,329.6553,181.88235,042.75224,626.2550,303.66113,763.3831,627.37123,272.44165,305.7065,831.42167,301.52292,124.6483,782.1179,205.19197,581.2965,329.6553,181.88235,042.75"
Gislason-Stanton,85,"64,827.8066,673.19294,472.7795,387.89127,939.80243,176.9260,744.83112,228.82141,112.8455,166.78137,306.4541,921.6186,071.63177,464.83105,522.7274,231.25126,074.6264,827.8066,673.19294,472.7795,387.89127,939.80243,176.9260,744.83112,228.82141,112.8455,166.78137,306.4541,921.6186,071.63177,464.83105,522.7274,231.25126,074.6264,827.8066,673.19294,472.7795,387.89127,939.80243,176.9260,744.83112,228.82141,112.8455,166.78137,306.4541,921.6186,071.63177,464.83105,522.7274,231.25126,074.6264,827.8066,673.19294,472.7795,387.89127,939.80243,176.9260,744.83112,228.82141,112.8455,166.78137,306.4541,921.6186,071.63177,464.83105,522.7274,231.25126,074.6264,827.8066,673.19294,472.7795,387.89127,939.80243,176.9260,744.83112,228.82141,112.8455,166.78137,306.4541,921.6186,071.63177,464.83105,522.7274,231.25126,074.62"
Kirlin and Sons,84,"221,745.05143,107.8936,321.6868,802.1347,182.43107,359.0199,132.04164,243.32162,142.74172,453.10203,604.4656,763.04221,745.05143,107.8936,321.6868,802.1347,182.43107,359.0199,132.04164,243.32162,142.74172,453.10203,604.4656,763.04221,745.05143,107.8936,321.6868,802.1347,182.43107,359.0199,132.04164,243.32162,142.74172,453.10203,604.4656,763.04221,745.05143,107.8936,321.6868,802.1347,182.43107,359.0199,132.04164,243.32162,142.74172,453.10203,604.4656,763.04221,745.05143,107.8936,321.6868,802.1347,182.43107,359.0199,132.04164,243.32162,142.74172,453.10203,604.4656,763.04221,745.05143,107.8936,321.6868,802.1347,182.43107,359.0199,132.04164,243.32162,142.74172,453.10203,604.4656,763.04221,745.05143,107.8936,321.6868,802.1347,182.43107,359.0199,132.04164,243.32162,142.74172,453.10203,604.4656,763.04"
Hilll-Vandervort,80,"116,563.4037,582.1370,596.70161,212.39140,352.81127,482.28115,718.87164,267.7228,538.19251,003.51124,537.47155,827.3036,749.5165,211.07101,318.72133,696.86116,563.4037,582.1370,596.70161,212.39140,352.81127,482.28115,718.87164,267.7228,538.19251,003.51124,537.47155,827.3036,749.5165,211.07101,318.72133,696.86116,563.4037,582.1370,596.70161,212.39140,352.81127,482.28115,718.87164,267.7228,538.19251,003.51124,537.47155,827.3036,749.5165,211.07101,318.72133,696.86116,563.4037,582.1370,596.70161,212.39140,352.81127,482.28115,718.87164,267.7228,538.19251,003.51124,537.47155,827.3036,749.5165,211.07101,318.72133,696.86116,563.4037,582.1370,596.70161,212.39140,352.81127,482.28115,718.87164,267.7228,538.19251,003.51124,537.47155,827.3036,749.5165,211.07101,318.72133,696.86"
"Bashirian, Okuneva and Bechtelar",78,"39,110.9750,585.98119,769.22149,514.0036,183.97113,781.4558,010.14109,713.84214,615.7977,522.57157,754.36108,978.79118,409.5939,110.9750,585.98119,769.22149,514.0036,183.97113,781.4558,010.14109,713.84214,615.7977,522.57157,754.36108,978.79118,409.5939,110.9750,585.98119,769.22149,514.0036,183.97113,781.4558,010.14109,713.84214,615.7977,522.57157,754.36108,978.79118,409.5939,110.9750,585.98119,769.22149,514.0036,183.97113,781.4558,010.14109,713.84214,615.7977,522.57157,754.36108,978.79118,409.5939,110.9750,585.98119,769.22149,514.0036,183.97113,781.4558,010.14109,713.84214,615.7977,522.57157,754.36108,978.79118,409.5939,110.9750,585.98119,769.22149,514.0036,183.97113,781.4558,010.14109,713.84214,615.7977,522.57157,754.36108,978.79118,409.59"
Wiza and Sons,78,"174,919.6489,160.6642,814.5750,516.2060,301.9634,748.75122,627.20124,611.61200,472.4690,228.68123,953.65151,315.2645,481.24174,919.6489,160.6642,814.5750,516.2060,301.9634,748.75122,627.20124,611.61200,472.4690,228.68123,953.65151,315.2645,481.24174,919.6489,160.6642,814.5750,516.2060,301.9634,748.75122,627.20124,611.61200,472.4690,228.68123,953.65151,315.2645,481.24174,919.6489,160.6642,814.5750,516.2060,301.9634,748.75122,627.20124,611.61200,472.4690,228.68123,953.65151,315.2645,481.24174,919.6489,160.6642,814.5750,516.2060,301.9634,748.75122,627.20124,611.61200,472.4690,228.68123,953.65151,315.2645,481.24174,919.6489,160.6642,814.5750,516.2060,301.9634,748.75122,627.20124,611.61200,472.4690,228.68123,953.65151,315.2645,481.24"
West-Cummings,77,"155,044.02136,079.62278,731.9016,388.90293,767.28168,530.22162,199.24153,823.7443,158.9437,636.9187,085.71155,044.02136,079.62278,731.9016,388.90293,767.28168,530.22162,199.24153,823.7443,158.9437,636.9187,085.71155,044.02136,079.62278,731.9016,388.90293,767.28168,530.22162,199.24153,823.7443,158.9437,636.9187,085.71155,044.02136,079.62278,731.9016,388.90293,767.28168,530.22162,199.24153,823.7443,158.9437,636.9187,085.71155,044.02136,079.62278,731.9016,388.90293,767.28168,530.22162,199.24153,823.7443,158.9437,636.9187,085.71155,044.02136,079.62278,731.9016,388.90293,767.28168,530.22162,199.24153,823.7443,158.9437,636.9187,085.71155,044.02136,079.62278,731.9016,388.90293,767.28168,530.22162,199.24153,823.7443,158.9437,636.9187,085.71"
"Zieme, Bailey and Herzog",75,"97,063.2284,877.8784,194.21160,185.9985,294.30164,117.24179,179.7332,661.6282,116.31132,235.4657,292.84134,807.18121,736.2390,994.3194,085.5097,063.2284,877.8784,194.21160,185.9985,294.30164,117.24179,179.7332,661.6282,116.31132,235.4657,292.84134,807.18121,736.2390,994.3194,085.5097,063.2284,877.8784,194.21160,185.9985,294.30164,117.24179,179.7332,661.6282,116.31132,235.4657,292.84134,807.18121,736.2390,994.3194,085.5097,063.2284,877.8784,194.21160,185.9985,294.30164,117.24179,179.7332,661.6282,116.31132,235.4657,292.84134,807.18121,736.2390,994.3194,085.5097,063.2284,877.8784,194.21160,185.9985,294.30164,117.24179,179.7332,661.6282,116.31132,235.4657,292.84134,807.18121,736.2390,994.3194,085.50"
"Schmitt, Purdy and Johnson",66,"18,326.41240,759.07264,149.91263,713.1229,783.39156,505.3768,984.17177,215.51120,012.5650,241.47105,464.4118,326.41240,759.07264,149.91263,713.1229,783.39156,505.3768,984.17177,215.51120,012.5650,241.47105,464.4118,326.41240,759.07264,149.91263,713.1229,783.39156,505.3768,984.17177,215.51120,012.5650,241.47105,464.4118,326.41240,759.07264,149.91263,713.1229,783.39156,505.3768,984.17177,215.51120,012.5650,241.47105,464.4118,326.41240,759.07264,149.91263,713.1229,783.39156,505.3768,984.17177,215.51120,012.5650,241.47105,464.4118,326.41240,759.07264,149.91263,713.1229,783.39156,505.3768,984.17177,215.51120,012.5650,241.47105,464.41"
McClure Inc,66,"102,771.44152,771.90181,882.4359,163.7974,732.7927,824.83144,204.86131,409.90214,983.1552,209.3186,050.61102,771.44152,771.90181,882.4359,163.7974,732.7927,824.83144,204.86131,409.90214,983.1552,209.3186,050.61102,771.44152,771.90181,882.4359,163.7974,732.7927,824.83144,204.86131,409.90214,983.1552,209.3186,050.61102,771.44152,771.90181,882.4359,163.7974,732.7927,824.83144,204.86131,409.90214,983.1552,209.3186,050.61102,771.44152,771.90181,882.4359,163.7974,732.7927,824.83144,204.86131,409.90214,983.1552,209.3186,050.61102,771.44152,771.90181,882.4359,163.7974,732.7927,824.83144,204.86131,409.90214,983.1552,209.3186,050.61"
"Keeling, Monahan and Pollich",66,"111,639.2974,295.81132,632.97169,544.95133,905.55227,856.6684,537.2078,013.63116,206.87195,214.7265,822.05111,639.2974,295.81132,632.97169,544.95133,905.55227,856.6684,537.2078,013.63116,206.87195,214.7265,822.05111,639.2974,295.81132,632.97169,544.95133,905.55227,856.6684,537.2078,013.63116,206.87195,214.7265,822.05111,639.2974,295.81132,632.97169,544.95133,905.55227,856.6684,537.2078,013.63116,206.87195,214.7265,822.05111,639.2974,295.81132,632.97169,544.95133,905.55227,856.6684,537.2078,013.63116,206.87195,214.7265,822.05111,639.2974,295.81132,632.97169,544.95133,905.55227,856.6684,537.2078,013.63116,206.87195,214.7265,822.05"
Romaguera-Haley,64,"108,412.7662,272.96172,505.24178,465.40170,408.2340,728.2899,832.1240,043.1173,727.91106,076.6721,341.6687,459.79122,273.0053,093.47167,935.31155,766.23108,412.7662,272.96172,505.24178,465.40170,408.2340,728.2899,832.1240,043.1173,727.91106,076.6721,341.6687,459.79122,273.0053,093.47167,935.31155,766.23108,412.7662,272.96172,505.24178,465.40170,408.2340,728.2899,832.1240,043.1173,727.91106,076.6721,341.6687,459.79122,273.0053,093.47167,935.31155,766.23108,412.7662,272.96172,505.24178,465.40170,408.2340,728.2899,832.1240,043.1173,727.91106,076.6721,341.6687,459.79122,273.0053,093.47167,935.31155,766.23"
O'Connell-Mitchell,60,"268,779.0376,426.54133,072.00227,830.33167,072.72145,809.6583,119.87178,560.10256,603.66131,610.37268,779.0376,426.54133,072.00227,830.33167,072.72145,809.6583,119.87178,560.10256,603.66131,610.37268,779.0376,426.54133,072.00227,830.33167,072.72145,809.6583,119.87178,560.10256,603.66131,610.37268,779.0376,426.54133,072.00227,830.33167,072.72145,809.6583,119.87178,560.10256,603.66131,610.37268,779.0376,426.54133,072.00227,830.33167,072.72145,809.6583,119.87178,560.10256,603.66131,610.37268,779.0376,426.54133,072.00227,830.33167,072.72145,809.6583,119.87178,560.10256,603.66131,610.37"
"Hermiston, Simonis and Wisoky",60,"156,585.22102,495.13204,484.61116,469.3380,328.16111,106.0631,161.76116,556.8176,543.3676,183.74156,585.22102,495.13204,484.61116,469.3380,328.16111,106.0631,161.76116,556.8176,543.3676,183.74156,585.22102,495.13204,484.61116,469.3380,328.16111,106.0631,161.76116,556.8176,543.3676,183.74156,585.22102,495.13204,484.61116,469.3380,328.16111,106.0631,161.76116,556.8176,543.3676,183.74156,585.22102,495.13204,484.61116,469.3380,328.16111,106.0631,161.76116,556.8176,543.3676,183.74156,585.22102,495.13204,484.61116,469.3380,328.16111,106.0631,161.76116,556.8176,543.3676,183.74"
Considine-Fisher,55,"37,273.84169,262.2065,036.81119,820.8298,746.66151,855.0480,294.5678,540.62109,697.86250,483.63165,709.1937,273.84169,262.2065,036.81119,820.8298,746.66151,855.0480,294.5678,540.62109,697.86250,483.63165,709.1937,273.84169,262.2065,036.81119,820.8298,746.66151,855.0480,294.5678,540.62109,697.86250,483.63165,709.1937,273.84169,262.2065,036.81119,820.8298,746.66151,855.0480,294.5678,540.62109,697.86250,483.63165,709.1937,273.84169,262.2065,036.81119,820.8298,746.66151,855.0480,294.5678,540.62109,697.86250,483.63165,709.19"
"Leffler, Prohaska and Streich",54,"57,120.5838,648.7290,926.9288,684.70110,090.36103,638.6746,849.71204,133.9530,177.8057,120.5838,648.7290,926.9288,684.70110,090.36103,638.6746,849.71204,133.9530,177.8057,120.5838,648.7290,926.9288,684.70110,090.36103,638.6746,849.71204,133.9530,177.8057,120.5838,648.7290,926.9288,684.70110,090.36103,638.6746,849.71204,133.9530,177.8057,120.5838,648.7290,926.9288,684.70110,090.36103,638.6746,849.71204,133.9530,177.8057,120.5838,648.7290,926.9288,684.70110,090.36103,638.6746,849.71204,133.9530,177.80"
Schoen-Keeling,50,"71,620.08109,390.5759,378.9763,979.04103,839.7498,915.4145,725.53121,292.9494,925.0064,762.8971,620.08109,390.5759,378.9763,979.04103,839.7498,915.4145,725.53121,292.9494,925.0064,762.8971,620.08109,390.5759,378.9763,979.04103,839.7498,915.4145,725.53121,292.9494,925.0064,762.8971,620.08109,390.5759,378.9763,979.04103,839.7498,915.4145,725.53121,292.9494,925.0064,762.8971,620.08109,390.5759,378.9763,979.04103,839.7498,915.4145,725.53121,292.9494,925.0064,762.89"
Goldner-Dibbert,45,"17,524.02147,656.52117,358.0253,089.5277,855.4757,333.85106,325.7280,839.75250,488.4217,524.02147,656.52117,358.0253,089.5277,855.4757,333.85106,325.7280,839.75250,488.4217,524.02147,656.52117,358.0253,089.5277,855.4757,333.85106,325.7280,839.75250,488.4217,524.02147,656.52117,358.0253,089.5277,855.4757,333.85106,325.7280,839.75250,488.4217,524.02147,656.52117,358.0253,089.5277,855.4757,333.85106,325.7280,839.75250,488.42"
"Hartmann, Hane and Pfannerstill",45,"47,186.7485,927.37119,937.47106,516.40180,250.02146,055.0531,936.44204,138.3483,904.3247,186.7485,927.37119,937.47106,516.40180,250.02146,055.0531,936.44204,138.3483,904.3247,186.7485,927.37119,937.47106,516.40180,250.02146,055.0531,936.44204,138.3483,904.3247,186.7485,927.37119,937.47106,516.40180,250.02146,055.0531,936.44204,138.3483,904.3247,186.7485,927.37119,937.47106,516.40180,250.02146,055.0531,936.44204,138.3483,904.32"
McGlynn-Bergstrom,44,"84,767.77171,458.64149,500.61138,153.7079,833.6030,975.7944,029.07137,026.71134,120.3890,602.07123,562.0284,767.77171,458.64149,500.61138,153.7079,833.6030,975.7944,029.07137,026.71134,120.3890,602.07123,562.0284,767.77171,458.64149,500.61138,153.7079,833.6030,975.7944,029.07137,026.71134,120.3890,602.07123,562.0284,767.77171,458.64149,500.61138,153.7079,833.6030,975.7944,029.07137,026.71134,120.3890,602.07123,562.02"
"Fisher, Morar and Skiles",36,"57,927.5492,868.37144,072.9078,938.82149,376.2626,103.9419,622.59150,287.47147,092.6257,927.5492,868.37144,072.9078,938.82149,376.2626,103.9419,622.59150,287.47147,092.6257,927.5492,868.37144,072.9078,938.82149,376.2626,103.9419,622.59150,287.47147,092.6257,927.5492,868.37144,072.9078,938.82149,376.2626,103.9419,622.59150,287.47147,092.62"
Stehr LLC,36,"66,141.1349,374.25141,948.11105,374.4491,108.56284,298.5678,679.60156,110.4058,416.1166,141.1349,374.25141,948.11105,374.4491,108.56284,298.5678,679.60156,110.4058,416.1166,141.1349,374.25141,948.11105,374.4491,108.56284,298.5678,679.60156,110.4058,416.1166,141.1349,374.25141,948.11105,374.4491,108.56284,298.5678,679.60156,110.4058,416.11"
Friesen and Sons,30,"186,397.60141,965.1165,193.8866,391.5827,400.69145,439.65186,397.60141,965.1165,193.8866,391.5827,400.69145,439.65186,397.60141,965.1165,193.8866,391.5827,400.69145,439.65186,397.60141,965.1165,193.8866,391.5827,400.69145,439.65186,397.60141,965.1165,193.8866,391.5827,400.69145,439.65"
"Jacobson, Marvin and Brown",28,"121,318.5579,407.28180,519.86158,011.30255,216.00185,778.30107,716.72121,318.5579,407.28180,519.86158,011.30255,216.00185,778.30107,716.72121,318.5579,407.28180,519.86158,011.30255,216.00185,778.30107,716.72121,318.5579,407.28180,519.86158,011.30255,216.00185,778.30107,716.72"
"Lubowitz, McLaughlin and Erdman",28,"87,513.27118,021.5967,161.9985,337.78109,892.9285,156.7074,685.8587,513.27118,021.5967,161.9985,337.78109,892.9285,156.7074,685.8587,513.27118,021.5967,161.9985,337.78109,892.9285,156.7074,685.8587,513.27118,021.5967,161.9985,337.78109,892.9285,156.7074,685.85"
Franecki-White,28,"48,179.57165,696.90180,515.09207,379.2888,977.22102,000.5783,897.8848,179.57165,696.90180,515.09207,379.2888,977.22102,000.5783,897.8848,179.57165,696.90180,515.09207,379.2888,977.22102,000.5783,897.8848,179.57165,696.90180,515.09207,379.2888,977.22102,000.5783,897.88"
Stamm-Zulauf,25,"68,086.9685,390.17120,831.2843,008.6996,358.4568,086.9685,390.17120,831.2843,008.6996,358.4568,086.9685,390.17120,831.2843,008.6996,358.4568,086.9685,390.17120,831.2843,008.6996,358.4568,086.9685,390.17120,831.2843,008.6996,358.45"
Morissette Group,24,"294,874.7497,641.2558,416.8142,847.4639,457.34172,202.38294,874.7497,641.2558,416.8142,847.4639,457.34172,202.38294,874.7497,641.2558,416.8142,847.4639,457.34172,202.38294,874.7497,641.2558,416.8142,847.4639,457.34172,202.38"
Wunsch LLC,24,"54,446.50111,551.96240,940.9736,534.09304,337.49125,851.7954,446.50111,551.96240,940.9736,534.09304,337.49125,851.7954,446.50111,551.96240,940.9736,534.09304,337.49125,851.7954,446.50111,551.96240,940.9736,534.09304,337.49125,851.79"
Homenick-Marvin,24,"147,672.8741,016.31179,323.2235,437.8933,190.0374,480.56147,672.8741,016.31179,323.2235,437.8933,190.0374,480.56147,672.8741,016.31179,323.2235,437.8933,190.0374,480.56147,672.8741,016.31179,323.2235,437.8933,190.0374,480.56"
Tromp LLC,20,"205,582.75139,682.07256,388.0873,773.60172,340.86205,582.75139,682.07256,388.0873,773.60172,340.86205,582.75139,682.07256,388.0873,773.60172,340.86205,582.75139,682.07256,388.0873,773.60172,340.86"
"Lueilwitz, Kerluke and Lesch",20,"54,079.04154,078.7535,214.8524,787.65163,546.8154,079.04154,078.7535,214.8524,787.65163,546.8154,079.04154,078.7535,214.8524,787.65163,546.8154,079.04154,078.7535,214.8524,787.65163,546.81"
Konopelski LLC,20,"152,865.34145,558.0098,320.37110,878.9723,290.84152,865.34145,558.0098,320.37110,878.9723,290.84152,865.34145,558.0098,320.37110,878.9723,290.84152,865.34145,558.0098,320.37110,878.9723,290.84"
"Heaney, Gulgowski and Kshlerin",16,"110,441.8946,311.3450,495.53234,961.46110,441.8946,311.3450,495.53234,961.46110,441.8946,311.3450,495.53234,961.46110,441.8946,311.3450,495.53234,961.46"
Wyman Group,16,"98,963.0322,164.96253,580.08138,443.2398,963.0322,164.96253,580.08138,443.2398,963.0322,164.96253,580.08138,443.2398,963.0322,164.96253,580.08138,443.23"
"Shanahan, Schaden and Parker",15,"85,220.83101,923.3659,670.68170,457.80163,492.1685,220.83101,923.3659,670.68170,457.80163,492.1685,220.83101,923.3659,670.68170,457.80163,492.16"
Connelly-Mohr,15,"117,733.5186,083.27128,804.51201,537.1296,795.99117,733.5186,083.27128,804.51201,537.1296,795.99117,733.5186,083.27128,804.51201,537.1296,795.99"
Hane Inc,12,"131,018.65137,419.30152,522.9440,148.49131,018.65137,419.30152,522.9440,148.49131,018.65137,419.30152,522.9440,148.49"
Stamm Inc,12,"156,839.31147,994.63159,052.7056,570.64156,839.31147,994.63159,052.7056,570.64156,839.31147,994.63159,052.7056,570.64"
Gleichner-Green,9,"126,523.36248,261.8689,502.53126,523.36248,261.8689,502.53126,523.36248,261.8689,502.53"
Schuster Inc,9,"201,573.2345,463.65203,231.73201,573.2345,463.65203,231.73201,573.2345,463.65203,231.73"
Stehr-Bogan,6,"146,325.53118,982.14205,059.80146,325.53118,982.14205,059.80"
Baumbach Group,4,"106,142.6565,397.28106,142.6565,397.28"
"Abbott, Roberts and Torp",4,"41,805.53149,372.3241,805.53149,372.32"
Rath-Schroeder,4,"37,073.91102,255.8637,073.91102,255.86"
Marquardt-Kuvalis,4,"104,711.2291,842.59104,711.2291,842.59"
"Parisian, Steuber and Satterfield",2,"116,157.89120,332.26"
Littel-Blick,1,"95,966.17"
Gorczany-Lehner,1,"33,724.53"
"Lind, Mueller and Stoltenberg",1,"57,115.99"
